

CREATE TABLE GOLF_CLUBS (
 GOLF_CLUB_ID              SMALLINT(3) NOT NULL,
 CLUB_NAME                 CHAR(14),
 YEAR_ESTABLISHED          INT(4),
 CLUB_ADDRESS			   VARCHAR(15),
PRIMARY KEY (GOLF_CLUB_ID));


INSERT INTO GOLF_CLUBS VALUES (457,'DOOKS', 1972,'CO.KERRY');
INSERT INTO GOLF_CLUBS VALUES (791,'DRUIDS',1995,'CO.WICKLOW');
INSERT INTO GOLF_CLUBS VALUES (136,'GLENLO',1989,'CO.GALWAY');


CREATE TABLE MEMBERS (
 MEMBER_ID                 SMALLINT(2) NOT NULL,
 GOLF_CLUB_ID              SMALLINT(3),
 MEMBERSHIP_TYPE_CODE      SMALLINT(4),
 FEES_DUE_DATE 			   VARCHAR(10),
 MEMBER_FIRST_NAME         CHAR(8),
 MEMBER_LAST_NAME          CHAR(8),
 MEMBER_PHONE			   INT(10),
 MEMBER_EMAIL			   VARCHAR(25),
 MEMBER_ADDRESS			   VARCHAR(15),
FOREIGN KEY (GOLF_CLUB_ID) REFERENCES GOLF_CLUBS(GOLF_CLUB_ID),
FOREIGN KEY (MEMBERSHIP_TYPE_CODE) REFERENCES MEMBERSHIP_TYPES(MEMBERSHIP_TYPE_CODE),
PRIMARY KEY (MEMBER_ID));


INSERT INTO MEMBERS VALUES (19,457,3334,'10/02/2020','ALLEN','BYRNE',0867749382,'A.BYRNE2@GMAIL.COM','KILLARNEY TOWN, KERRY');
INSERT INTO MEMBERS VALUES (35,136,4977,'14/12/2020','MARK','FALLON',0892266264,'FALLON98@GMAIL.COM','HAZEL PARK, GALWAY');
INSERT INTO MEMBERS VALUES (99,457,9921,'03/01/2020','JAYNE','BURKE',0867732119,'66FLOWERS@HOTMAIL.COM','CASTLE ISLAND, KERRY');
INSERT INTO MEMBERS VALUES (24,791,2200,'29/11/2020','AARON','CLYNE',0862652652,'CLYNER10@GMAIL.COM','SEAFIELD, WICKLOW');


CREATE TABLE MEMBERSHIP_TYPES (
MEMBERSHIP_TYPE_CODE	   		INT(4),
ANNUAL_FEES				  	    INT(5),
MEMBERSHIP_TYPE_DESCRIPTION     VARCHAR(40),
PRIMARY KEY (MEMBERSHIP_TYPE_CODE));

INSERT INTO MEMBERSHIP_TYPES VALUES (3334,1495,'FULL MEMBERSHIP - 7 DAYS');
INSERT INTO MEMBERSHIP_TYPES VALUES(4977,1495,'FULL MEMBERSHIP - 7 DAYS');
INSERT INTO MEMBERSHIP_TYPES VALUES(9921,215,'FULL TIME STUDENTS');
INSERT INTO MEMBERSHIP_TYPES VALUES(2200,1070,'5 DAY MEMBERSHIP  MON-FRI');

CREATE TABLE PROFESSIONALS (
PRO_ID						SMALLINT(1),
GOLF_CLUB_ID				SMALLINT(3),
DATE_OF_BIRTH				VARCHAR(10),
GENDER						CHAR(6),
HANDICAP					VARCHAR(3),
PRO_FIRST_NAME				CHAR(10),
PRO_LAST_NAME				CHAR(10),
FOREIGN KEY(GOLF_CLUB_ID) REFERENCES GOLF_CLUBS(GOLF_CLUB_ID),
PRIMARY KEY(PRO_ID));

INSERT INTO PROFESSIONALS VALUES(3,136,'10/11/1976','MALE','+7','MARK','FALLON');
INSERT INTO PROFESSIONALS VALUES(5,457,'27/03/1980','MALE','+6','ALLEN','BYRNE');










